Country Code,Short Name,Table Name,Long Name,2-alpha code,Currency Unit,Special Notes,Region,Income Group,WB-2 code,National accounts base year,National accounts reference year,SNA price valuation,Lending category,Other groups,System of National Accounts,Alternative conversion factor,PPP survey year,Balance of Payments Manual in use,External debt Reporting status,System of trade,Government Accounting concept,IMF data dissemination standard,Latest population census,Latest household survey,Source of most recent Income and expenditure data,Vital registration complete,Latest agricultural census,Latest industrial data,Latest trade data,Latest water withdrawal data
AFG,Afghanistan,Afghanistan,Islamic State of Afghanistan,AF,Afghani,Fiscal year end: March 20; reporting period for national accounts data: FY.,South Asia,Low income,AF,2002/03,,Value added at basic prices (VAB),IDA,HIPC,,,,,Actual,General trade system,Consolidated central government,General Data Dissemination System (GDDS),1979,"Multiple Indicator Cluster Survey (MICS), 2003; Special Survey, 2010","Integrated household survey (IHS), 2008",,,2010,2010,2000
ALB,Albania,Albania,Republic of Albania,AL,Albanian lek,,Europe & Central Asia,Upper middle income,AL,Original chained constant price data are rescaled.,1996,Value added at basic prices (VAB),IBRD,,Country uses the 1993 System of National Accounts methodology.,,2005,"IMF Balance of Payments Manual, 5th edition (1993).",Actual,General trade system,Consolidated central government,General Data Dissemination System (GDDS),2001,"Demographic and Health Survey (DHS), 2008/09","Living Standards Measurement Study (LSMS), 2008",Yes,1998,2010,2010,2000
DZA,Algeria,Algeria,People's Democratic Republic of Algeria,DZ,Algerian dinar,Global Findex data exclude parts of the Southern regions of the country.,Middle East & North Africa,Upper middle income,DZ,1980,,Value added at basic prices (VAB),IBRD,,,,,"IMF Balance of Payments Manual, 5th edition (1993).",Actual,Special trade system,Budgetary central government,General Data Dissemination System (GDDS),2008,"Multiple Indicator Cluster Survey (MICS), 2006","Integrated household survey (IHS), 1995",,2001,2009,2010,2000
AGO,Angola,Angola,People's Republic of Angola,AO,Angolan kwanza,Global Findex data exclude some rural areas.,Sub-Saharan Africa,Lower middle income,AO,1997,,Value added at producer prices (VAP),IDA,,,1991-96,2005,"IMF Balance of Payments Manual, 5th edition (1993).",Actual,Special trade system,,General Data Dissemination System (GDDS),1970,"Multiple Indicator Cluster Survey (MICS), 2001; Malaria Indicator Survey (MIS), 2006/07","Integrated household survey (IHS), 2000",,1964-65,2010,1991,2000
ARG,Argentina,Argentina,Argentine Republic,AR,Argentine peso,,Latin America & Caribbean,Upper middle income,AR,1993,,Value added at basic prices (VAB),IBRD,,Country uses the 1993 System of National Accounts methodology.,1971-84,2005,"IMF Balance of Payments Manual, 5th edition (1993).",Actual,Special trade system,Consolidated central government,Special Data Dissemination Standard (SDDS),2010,,"Integrated household survey (IHS), 2010",Yes,2007,2010,2010,2000
ARM,Armenia,Armenia,Republic of Armenia,AM,Armenian dram,,Europe & Central Asia,Lower middle income,AM,Original chained constant price data are rescaled.,1996,Value added at basic prices (VAB),Blend,,Country uses the 1993 System of National Accounts methodology.,1990-95,2005,"IMF Balance of Payments Manual, 5th edition (1993).",Actual,Special trade system,Consolidated central government,Special Data Dissemination Standard (SDDS),2001,"Demographic and Health Survey (DHS), 2005","Integrated household survey (IHS), 2010",Yes,,2010,2010,2006
AUS,Australia,Australia,Commonwealth of Australia,AU,Australian dollar,Fiscal year end: June 30; reporting period for national accounts data: FY.,East Asia & Pacific,High income: OECD,AU,Original chained constant price data are rescaled.,2009,Value added at basic prices (VAB),,,Country uses the 1993 System of National Accounts methodology.,,2005,"IMF Balance of Payments Manual, 5th edition (1993).",,General trade system,Consolidated central government,Special Data Dissemination Standard (SDDS),2006,,"Expenditure survey/budget survey (ES/BS), 1994",Yes,2011,2010,2010,2000
AUT,Austria,Austria,Republic of Austria,AT,Euro,"A simple multiplier is used to convert the national currencies of EMU members to euros. The following irrevocable euro conversion rate was adopted by the EU Council on January 1, 1999: 1 euro = 13.7603 Austrian schilling. Please note that historical data before 1999 are not actual euros and are not comparable or suitable for aggregation across countries.",Europe & Central Asia,High income: OECD,AT,2005,,Value added at basic prices (VAB),,Euro area,Country uses the 1993 System of National Accounts methodology.,,2005,"IMF Balance of Payments Manual, 5th edition (1993).",,Special trade system,Consolidated central government,Special Data Dissemination Standard (SDDS),2011,,"Income survey (IS), 2000",Yes,2010,2010,2010,2000
AZE,Azerbaijan,Azerbaijan,Republic of Azerbaijan,AZ,New Azeri manat,National accounts historical expenditure series in constant prices have been revised in line with State Statistical Committee data that were not previously available. Global Findex data exclude Nagorno-Karabakh and territories.,Europe & Central Asia,Upper middle income,AZ,Original chained constant price data are rescaled.,2003,Value added at basic prices (VAB),IBRD,,Country uses the 1993 System of National Accounts methodology.,1992-95,2005,"IMF Balance of Payments Manual, 5th edition (1993).",Actual,General trade system,Budgetary central government,General Data Dissemination System (GDDS),2009,"Demographic and Health Survey (DHS), 2006","Expenditure survey/budget survey (ES/BS), 2008",Yes,,2010,2010,2005
BHR,Bahrain,Bahrain,Kingdom of Bahrain,BH,Bahraini dinar,Global Findex data include only Bahraini nationals and Arab expatriates.,Middle East & North Africa,High income: nonOECD,BH,1985,,Value added at producer prices (VAP),,,,,2005,"IMF Balance of Payments Manual, 5th edition (1993).",,General trade system,Budgetary central government,General Data Dissemination System (GDDS),2010,,,Yes,,1995,2010,2003
BGD,Bangladesh,Bangladesh,People's Republic of Bangladesh,BD,Bangladeshi taka,Fiscal year end: June 30; reporting period for national accounts data: FY.,South Asia,Low income,BD,1995/96,,Value added at basic prices (VAB),IDA,,Country uses the 1993 System of National Accounts methodology.,,2005,"IMF Balance of Payments Manual, 5th edition (1993).",Actual,General trade system,Consolidated central government,General Data Dissemination System (GDDS),2011,"Demographic and Health Survey (DHS), 2007","Integrated household survey (IHS), 2010",,2008,2010,2007,2008
BLR,Belarus,Belarus,Republic of Belarus,BY,Belarusian rubel,,Europe & Central Asia,Upper middle income,BY,Original chained constant price data are rescaled.,2000,Value added at basic prices (VAB),IBRD,,Country uses the 1993 System of National Accounts methodology.,1990-95,2005,"IMF Balance of Payments Manual, 5th edition (1993).",Actual,General trade system,Consolidated central government,Special Data Dissemination Standard (SDDS),2009,"Multiple Indicator Cluster Survey (MICS), 2005","Expenditure survey/budget survey (ES/BS), 2009",Yes,1994,2010,2010,2000
BEL,Belgium,Belgium,Kingdom of Belgium,BE,Euro,"A simple multiplier is used to convert the national currencies of EMU members to euros. The following irrevocable euro conversion rate was adopted by the EU Council on January 1, 1999: 1 euro = 40.3399 Belgian franc. Please note that historical data before 1999 are not actual euros and are not comparable or suitable for aggregation across countries.",Europe & Central Asia,High income: OECD,BE,2005,,Value added at basic prices (VAB),,Euro area,Country uses the 1993 System of National Accounts methodology.,,2005,"IMF Balance of Payments Manual, 5th edition (1993).",,Special trade system,Consolidated central government,Special Data Dissemination Standard (SDDS),2011,,"Integrated household survey (IHS), 2000",Yes,1999-2000,2009,2010,2007
BLZ,Belize,Belize,Belize,BZ,Belize dollar,,Latin America & Caribbean,Upper middle income,BZ,2000,,Value added at basic prices (VAB),IBRD,,Country uses the 1993 System of National Accounts methodology.,,2011,"IMF Balance of Payments Manual, 6th edition.",Actual,General trade system,Budgetary central government,General Data Dissemination System (GDDS),2010,"Multiple Indicator Cluster Survey (MICS), 2011","Labor force survey (LFS), 1999",,,,2013,2000
BEN,Benin,Benin,Republic of Benin,BJ,CFA franc,,Sub-Saharan Africa,Low income,BJ,1985,,Value added at producer prices (VAP),IDA,HIPC,,1992,2005,"IMF Balance of Payments Manual, 5th edition (1993).",Actual,Special trade system,Budgetary central government,General Data Dissemination System (GDDS),2002,"Demographic and Health Survey (DHS), 2006","Core Welfare Indicator Questionnaire Survey (CWIQ), 2003",,2011-2012,2005,2006,2001
BTN,Bhutan,Bhutan,Kingdom of Bhutan,BT,Bhutanese ngultrum,April 2013 database update: Data were updated using the government of Bhutan macroeconomic framework.,South Asia,Lower middle income,BT,2000,,Value added at basic prices (VAB),IDA,,Country uses the 1993 System of National Accounts methodology.,,2011,"IMF Balance of Payments Manual, 6th edition.",Actual,General trade system,Consolidated central government,General Data Dissemination System (GDDS),2005,"Multiple Indicator Cluster Survey (MICS), 2010","Integrated household survey (IHS), 2012",,2009,,2011,2008
BOL,Bolivia,Bolivia,Plurinational State of Bolivia,BO,Bolivian Boliviano,,Latin America & Caribbean,Lower middle income,BO,1990,,Value added at basic prices (VAB),Blend,HIPC,Country uses the 1993 System of National Accounts methodology.,1960-85,2005,"IMF Balance of Payments Manual, 5th edition (1993).",Actual,General trade system,Consolidated central government,General Data Dissemination System (GDDS),2001,"Demographic and Health Survey (DHS), 2008","Integrated household survey (IHS), 2008",,2008,2010,2010,2000
BIH,Bosnia and Herzegovina,Bosnia and Herzegovina,Bosnia and Herzegovina,BA,Bosnia and Herzegovina convertible mark,,Europe & Central Asia,Upper middle income,BA,Original chained constant price data are rescaled.,1996,Value added at basic prices (VAB),Blend,,Country uses the 1993 System of National Accounts methodology.,,2005,"IMF Balance of Payments Manual, 5th edition (1993).",Actual,Special trade system,Consolidated central government,,1991,"Multiple Indicator Cluster Survey (MICS), 2006","Living Standards Measurement Study (LSMS), 2007",Yes,,2010,2010,2009
BWA,Botswana,Botswana,Republic of Botswana,BW,Botswana pula,Fiscal year end: June 30; reporting period for national accounts data: FY. The Central Statistical Office has revised national accounts series for 2004 onward.,Sub-Saharan Africa,Upper middle income,BW,1993/94,,Value added at basic prices (VAB),IBRD,,Country uses the 1993 System of National Accounts methodology.,,2005,"IMF Balance of Payments Manual, 5th edition (1993).",Actual,General trade system,Budgetary central government,General Data Dissemination System (GDDS),2011,"Multiple Indicator Cluster Survey (MICS), 2000","Expenditure survey/budget survey (ES/BS), 2003",,1993,2010,2010,2000
BRA,Brazil,Brazil,Federative Republic of Brazil,BR,Brazilian real,,Latin America & Caribbean,Upper middle income,BR,2000,,Value added at basic prices (VAB),IBRD,,Country uses the 1993 System of National Accounts methodology.,,2005,"IMF Balance of Payments Manual, 5th edition (1993).",Actual,General trade system,Consolidated central government,Special Data Dissemination Standard (SDDS),2010,"Demographic and Health Survey (DHS), 1996","Labor force survey (LFS), 2009",,2006,2010,2011,2006
BGR,Bulgaria,Bulgaria,Republic of Bulgaria,BG,Bulgarian lev,The National Statistical Office has revised national accounts data from 1995 onward. GDP in current prices are about 4 percent higher than previous estimates.,Europe & Central Asia,Upper middle income,BG,Original chained constant price data are rescaled.,2002,Value added at basic prices (VAB),IBRD,,Country uses the 1993 System of National Accounts methodology.,"1978-89, 1991-92",2005,"IMF Balance of Payments Manual, 5th edition (1993).",Actual,Special trade system,Consolidated central government,Special Data Dissemination Standard (SDDS),2011,,"Expenditure survey/budget survey (ES/BS), 2007",Yes,2010,2010,2010,2009
BFA,Burkina Faso,Burkina Faso,Burkina Faso,BF,CFA franc,,Sub-Saharan Africa,Low income,BF,1999,,Value added at basic prices (VAB),IDA,HIPC,,1992-93,2005,"IMF Balance of Payments Manual, 5th edition (1993).",Actual,General trade system,Budgetary central government,General Data Dissemination System (GDDS),2006,"Multiple Indicator Cluster Survey (MICS), 2006","Core Welfare Indicator Questionnaire Survey (CWIQ), 2009",,2010,2006,2010,2000
BDI,Burundi,Burundi,Republic of Burundi,BI,Burundi franc,,Sub-Saharan Africa,Low income,BI,1980,,Value added at basic prices (VAB),IDA,HIPC,,,2005,"IMF Balance of Payments Manual, 5th edition (1993).",Preliminary,Special trade system,Consolidated central government,General Data Dissemination System (GDDS),2008,"Multiple Indicator Cluster Survey (MICS), 2005","Core Welfare Indicator Questionnaire Survey (CWIQ), 2006",,,2005,2010,2000
KHM,Cambodia,Cambodia,Kingdom of Cambodia,KH,Cambodian riel,,East Asia & Pacific,Low income,KH,2000,,Value added at basic prices (VAB),IDA,,,,2005,"IMF Balance of Payments Manual, 5th edition (1993).",Actual,Special trade system,Consolidated central government,General Data Dissemination System (GDDS),2008,"Demographic and Health Survey (DHS), 2010","Integrated household survey (IHS), 2008",,2012,2010,2010,2006
CMR,Cameroon,Cameroon,Republic of Cameroon,CM,CFA franc,,Sub-Saharan Africa,Lower middle income,CM,2000,,Value added at basic prices (VAB),IDA,HIPC,Country uses the 1993 System of National Accounts methodology.,,2005,"IMF Balance of Payments Manual, 5th edition (1993).",Actual,Special trade system,Budgetary central government,General Data Dissemination System (GDDS),2005,"Multiple Indicator Cluster Survey (MICS), 2006","Priority survey (PS), 2007",,1984,2007,2010,2000
CAN,Canada,Canada,Canada,CA,Canadian dollar,"Fiscal year end: March 31; reporting period for national accounts data: CY. Global Findex data exclude Yukon, Northwest Territories, and Nunavut.",North America,High income: OECD,CA,2005,,Value added at basic prices (VAB),,,Country uses the 1993 System of National Accounts methodology.,,2005,"IMF Balance of Payments Manual, 5th edition (1993).",,General trade system,Consolidated central government,Special Data Dissemination Standard (SDDS),2011,,"Labor force survey (LFS), 2000",Yes,2011,2007,2010,2000
CAF,Central African Republic,Central African Republic,Central African Republic,CF,CFA franc,Global Findex data exclude areas bordering Sudan and Chad.,Sub-Saharan Africa,Low income,CF,2000,,Value added at basic prices (VAB),IDA,HIPC,,,2005,"IMF Balance of Payments Manual, 5th edition (1993).",Preliminary,Special trade system,Budgetary central government,General Data Dissemination System (GDDS),2003,"Multiple Indicator Cluster Survey (MICS), 2006","Priority survey (PS), 2008",,1985,2006,2009,2000
TCD,Chad,Chad,Republic of Chad,TD,CFA franc,Global Findex data exclude some Eastern areas of the country.,Sub-Saharan Africa,Low income,TD,1995,,Value added at basic prices (VAB),IDA,HIPC,Country uses the 1993 System of National Accounts methodology.,,2005,"IMF Balance of Payments Manual, 5th edition (1993).",Actual,Special trade system,,General Data Dissemination System (GDDS),2009,"Demographic and Health Survey (DHS), 2004","Priority survey (PS), 2002/03",,2011,2008,1995,2000
CHL,Chile,Chile,Republic of Chile,CL,Chilean peso,,Latin America & Caribbean,Upper middle income,CL,2003,,Value added at basic prices (VAB),IBRD,,Country uses the 1993 System of National Accounts methodology.,,2005,"IMF Balance of Payments Manual, 5th edition (1993).",Actual,Special trade system,Consolidated central government,Special Data Dissemination Standard (SDDS),2002,,"Integrated household survey (IHS), 2009",Yes,2007,2010,2010,2000
CHN,China,China,People's Republic of China,CN,Chinese yuan,"On 1 July 1997 China resumed its exercise of sovereignty over Hong Kong; and on 20 December 1999 China resumed its exercise of sovereignty over Macao. Unless otherwise noted, data for China do not include data for Hong Kong SAR, China; Macao SAR, China; or Taiwan, China.",East Asia & Pacific,Upper middle income,CN,2000,,Value added at producer prices (VAP),IBRD,,Country uses the 1993 System of National Accounts methodology.,1978-93,2005,"IMF Balance of Payments Manual, 5th edition (1993).",Preliminary,Special trade system,Budgetary central government,General Data Dissemination System (GDDS),2010,"National Sample Survey on Population Change (NSS), 2007","Integrated household survey (IHS), 2008",,2007,2010,2010,2005
COL,Colombia,Colombia,Republic of Colombia,CO,Colombian peso,,Latin America & Caribbean,Upper middle income,CO,2005,,Value added at basic prices (VAB),IBRD,,Country uses the 1993 System of National Accounts methodology.,1992-94,2005,"IMF Balance of Payments Manual, 5th edition (1993).",Actual,General trade system,Budgetary central government,Special Data Dissemination Standard (SDDS),2006,"Demographic and Health Survey (DHS), 2010","Integrated household survey (IHS), 2010",,2001,2010,2010,2000
COM,Comoros,Comoros,Union of the Comoros,KM,Comorian franc,,Sub-Saharan Africa,Low income,KM,1990,,Value added at producer prices (VAP),IDA,HIPC,,,2005,,Actual,Special trade system,,,2003,"Multiple Indicator Cluster Survey (MICS), 2000","Integrated household survey (IHS), 2004",,,2009,2007,1999
COG,Congo,"Congo, Rep.",Republic of Congo,CG,CFA franc,,Sub-Saharan Africa,Lower middle income,CG,1978,,Value added at producer prices (VAP),IDA,HIPC,,1993,2005,"IMF Balance of Payments Manual, 5th edition (1993).",Estimate,Special trade system,Consolidated central government,General Data Dissemination System (GDDS),2007,"HIV/AIDS Indicator Survey (AIS), 2009; Demographic and Health Survey (DHS), 2005","Core Welfare Indicator Questionnaire Survey (CWIQ)/Priority survey (PS), 2005",,1985-86,2010,2005,2002
CRI,Costa Rica,Costa Rica,Republic of Costa Rica,CR,Costa Rican colon,,Latin America & Caribbean,Upper middle income,CR,1991,,Value added at basic prices (VAB),IBRD,,Country uses the 1993 System of National Accounts methodology.,,,"IMF Balance of Payments Manual, 5th edition (1993).",Actual,Special trade system,Consolidated central government,Special Data Dissemination Standard (SDDS),2011,"Reproductive Health Survey (RHS), 1993","Labor force survey (LFS), 2010",Yes,1973,2010,2010,2000
CIV,Côte d'Ivoire,Côte d'Ivoire,Republic of Côte d'Ivoire,CI,CFA franc,The new base year is 2009.,Sub-Saharan Africa,Lower middle income,CI,2009,,Value added at producer prices (VAP),IDA,HIPC,Country uses the 1968 System of National Accounts methodology.,,2011,"IMF Balance of Payments Manual, 6th edition.",Actual,Special trade system,Budgetary central government,General Data Dissemination System (GDDS),2014,"Demographic and Health Survey (DHS), 2011/12","Integrated household survey (IHS), 2008",,2014,,2013,2005
HRV,Croatia,Croatia,Republic of Croatia,HR,Croatian kuna,,Europe & Central Asia,High income: nonOECD,HR,Original chained constant price data are rescaled.,2000,Value added at basic prices (VAB),IBRD,,Country uses the 1993 System of National Accounts methodology.,,2005,"IMF Balance of Payments Manual, 5th edition (1993).",,General trade system,Consolidated central government,Special Data Dissemination Standard (SDDS),2011,,"Expenditure survey/budget survey (ES/BS), 2008",Yes,2003,2010,2011,2009
CYP,Cyprus,Cyprus,Republic of Cyprus,CY,Euro,"A simple multiplier is used to convert the national currencies of EMU members to euros. The following irrevocable euro conversion rate entered into force on January 1, 2008: 1 euro = 0.585274 Cyprus pounds. Please note that historical data are not actual euros and are not comparable or suitable for aggregation across countries. Global Findex data refer to the area controlled by the government of the Republic of Cyprus.",Europe & Central Asia,High income: nonOECD,CY,Original chained constant price data are rescaled.,2000,Value added at basic prices (VAB),,Euro area,,,2005,"IMF Balance of Payments Manual, 5th edition (1993).",,General trade system,Consolidated central government,Special Data Dissemination Standard (SDDS),2001,,,Yes,,2008,2010,2009
CZE,Czech Republic,Czech Republic,Czech Republic,CZ,Czech koruna,,Europe & Central Asia,High income: OECD,CZ,2000,1995,Value added at basic prices (VAB),,,Country uses the 1993 System of National Accounts methodology.,,2005,"IMF Balance of Payments Manual, 5th edition (1993).",,Special trade system,Consolidated central government,Special Data Dissemination Standard (SDDS),2011,"Reproductive Health Survey (RHS), 1993","Income survey (IS), 1996",Yes,2010,2010,2010,2007
ZAR,Dem. Rep. Congo,"Congo, Dem. Rep.",Democratic Republic of the Congo,CD,Congolese franc,"Global Findex data exclude North and South Kivu, Ituri, and Haut-Uele.",Sub-Saharan Africa,Low income,ZR,1987,,Value added at basic prices (VAB),IDA,HIPC,,1999-2001,2005,"IMF Balance of Payments Manual, 4th edition (1977).",Estimate,Special trade system,Consolidated central government,General Data Dissemination System (GDDS),1984,"Multiple Indicator Cluster Survey (MICS), 2010","1-2-3 survey (1-2-3), 2005/06",,1990,2009,1986,2000
DNK,Denmark,Denmark,Kingdom of Denmark,DK,Danish krone,,Europe & Central Asia,High income: OECD,DK,2005,,Value added at basic prices (VAB),,,Country uses the 1993 System of National Accounts methodology.,,2005,"IMF Balance of Payments Manual, 5th edition (1993).",,Special trade system,Consolidated central government,Special Data Dissemination Standard (SDDS),2011,,"Income tax register (ITR), 1997",Yes,2010,2010,2010,2009
DJI,Djibouti,Djibouti,Republic of Djibouti,DJ,Djibouti franc,,Middle East & North Africa,Lower middle income,DJ,1990,,Value added at basic prices (VAB),IDA,,,,2005,"IMF Balance of Payments Manual, 5th edition (1993).",Actual,General trade system,,General Data Dissemination System (GDDS),2009,"Multiple Indicator Cluster Survey (MICS), 2006","Priority survey (PS), 2002",,,2007,2009,2000
DOM,Dominican Republic,Dominican Republic,Dominican Republic,DO,Dominican peso,,Latin America & Caribbean,Upper middle income,DO,1991,,Value added at basic prices (VAB),IBRD,,,,,"IMF Balance of Payments Manual, 5th edition (1993).",Actual,General trade system,Consolidated central government,General Data Dissemination System (GDDS),2010,"Demographic and Health Survey (DHS), 2007","Integrated household survey (IHS), 2010",,1971,2010,2010,2000
EAP,East Asia & Pacific (developing only),East Asia & Pacific,East Asia & Pacific (developing only),,,East Asia and Pacific regional aggregate (does not include high-income economies).,,,4E,,,,,,,,,,,,,,,,,,,,,
ECU,Ecuador,Ecuador,Republic of Ecuador,EC,U.S. dollar,,Latin America & Caribbean,Upper middle income,EC,2000,,Value added at basic prices (VAB),IBRD,,Country uses the 1993 System of National Accounts methodology.,,2005,"IMF Balance of Payments Manual, 5th edition (1993).",Actual,General trade system,Budgetary central government,Special Data Dissemination Standard (SDDS),2010,"Reproductive Health Survey (RHS), 2004","Labor force survey (LFS), 2010",,2012,2010,2010,2000
EGY,Egypt,"Egypt, Arab Rep.",Arab Republic of Egypt,EG,Egyptian pound,Fiscal year end: June 30; reporting period for national accounts data: FY.,Middle East & North Africa,Lower middle income,EG,1991/92,,Value added at basic prices (VAB),IBRD,,,,2005,"IMF Balance of Payments Manual, 5th edition (1993).",Actual,General trade system,Consolidated central government,Special Data Dissemination Standard (SDDS),2006,"Demographic and Health Survey (DHS), 2008","Expenditure survey/budget survey (ES/BS), 2008",Yes,2010,2010,2010,2000
SLV,El Salvador,El Salvador,Republic of El Salvador,SV,U.S. dollar,,Latin America & Caribbean,Lower middle income,SV,1990,,Value added at basic prices (VAB),IBRD,,,,,"IMF Balance of Payments Manual, 5th edition (1993).",Actual,Special trade system,Consolidated central government,Special Data Dissemination Standard (SDDS),2007,"Reproductive Health Survey (RHS), 2008","Integrated household survey (IHS), 2009",Yes,2007-2008,2010,2010,2000
EST,Estonia,Estonia,Republic of Estonia,EE,Estonian kroon,"A simple multiplier is used to convert the national currencies of EMU members to euros. The following irrevocable euro conversion rate entered into force on January 1, 2011: 1 euro = 15.6466 Estonian kroon. Please note that historical data are not actual euros and are not comparable or suitable for aggregation across countries.",Europe & Central Asia,High income: OECD,EE,2000,,Value added at basic prices (VAB),,Euro area,Country uses the 1993 System of National Accounts methodology.,1987-95,2005,"IMF Balance of Payments Manual, 5th edition (1993).",,Special trade system,Consolidated central government,Special Data Dissemination Standard (SDDS),2000,,"Expenditure survey/budget survey (ES/BS), 2004",Yes,2010,2009,2011,2007
ETH,Ethiopia,Ethiopia,Federal Democratic Republic of Ethiopia,ET,Ethiopian birr,"Fiscal year end: July 7; reporting period for national accounts data: FY. Based on IMF data, national accounts data have been revised for 2000 onward; the new base year is 2010/11.",Sub-Saharan Africa,Low income,ET,2010/11,,Value added at basic prices (VAB),IDA,HIPC,Country uses the 1993 System of National Accounts methodology.,,2011,"IMF Balance of Payments Manual, 6th edition.",Actual,General trade system,Budgetary central government,General Data Dissemination System (GDDS),2007,"HIV/Maternal and Child Health (HIV/MCH) Service Provision Assessments (SPA), 2014","Expenditure survey/budget survey (ES/BS), 2010/11",,,2009,2013,2002
EMU,Euro area,Euro area,Euro area,,,Euro area aggregate.,,,XC,,,,,,,,,,,,,,,,,,,,,
ECA,Europe & Central Asia (developing only),Europe & Central Asia,Europe & Central Asia (developing only),,,Europe and Central Asia regional aggregate (does not include high-income economies).,,,7E,,,,,,,,,,,,,,,,,,,,,
FIN,Finland,Finland,Republic of Finland,FI,Euro,"A simple multiplier is used to convert the national currencies of EMU members to euros. The following irrevocable euro conversion rate was adopted by the EU Council on January 1, 1999: 1 euro = 5.94573 Finnish markka. Please note that historical data before 1999 are not actual euros and are not comparable or suitable for aggregation across countries.",Europe & Central Asia,High income: OECD,FI,2005,,Value added at basic prices (VAB),,Euro area,Country uses the 1993 System of National Accounts methodology.,,2005,"IMF Balance of Payments Manual, 5th edition (1993).",,General trade system,Consolidated central government,Special Data Dissemination Standard (SDDS),2010,,"Income survey (IS), 2000",Yes,2010,2010,2010,2005
FRA,France,France,French Republic,FR,Euro,"A simple multiplier is used to convert the national currencies of EMU members to euros. The following irrevocable euro conversion rate was adopted by the EU Council on January 1, 1999: 1 euro = 6.55957 French franc. Please note that historical data before 1999 are not actual euros and are not comparable or suitable for aggregation across countries.",Europe & Central Asia,High income: OECD,FR,Original chained constant price data are rescaled.,2005,Value added at basic prices (VAB),,Euro area,Country uses the 1993 System of National Accounts methodology.,,2005,"IMF Balance of Payments Manual, 5th edition (1993).",,Special trade system,Consolidated central government,Special Data Dissemination Standard (SDDS),2006. Rolling census.,,"Expenditure survey/budget survey (ES/BS), 1994/95",Yes,2010,2009,2010,2007
GAB,Gabon,Gabon,Gabonese Republic,GA,CFA franc,,Sub-Saharan Africa,Upper middle income,GA,1991,,Value added at producer prices (VAP),IBRD,,,1993,2005,"IMF Balance of Payments Manual, 5th edition (1993).",Actual,Special trade system,,General Data Dissemination System (GDDS),2003,"Demographic and Health Survey (DHS), 2000","Core Welfare Indicator Questionnaire Survey (CWIQ)/Integrated household survey (IHS), 2005",,1974-75,2010,2010,2000
GEO,Georgia,Georgia,Georgia,GE,Georgian lari,Global Findex data exclude Abkhazia and South Ossetia.,Europe & Central Asia,Lower middle income,GE,Original chained constant price data are rescaled.,1996,Value added at basic prices (VAB),Blend,,Country uses the 1993 System of National Accounts methodology.,1990-95,2005,"IMF Balance of Payments Manual, 5th edition (1993).",Actual,General trade system,Consolidated central government,Special Data Dissemination Standard (SDDS),2002,"Multiple Indicator Cluster Survey (MICS), 2005; Reproductive Health Survey (RHS), 2005","Integrated household survey (IHS), 2009",Yes,2004,2010,2010,2005
DEU,Germany,Germany,Federal Republic of Germany,DE,Euro,"A simple multiplier is used to convert the national currencies of EMU members to euros. The following irrevocable euro conversion rate was adopted by the EU Council on January 1, 1999: 1 euro = 1.95583 German mark. Please note that historical data before 1999 are not actual euros and are not comparable or suitable for aggregation across countries.",Europe & Central Asia,High income: OECD,DE,2005,,Value added at basic prices (VAB),,Euro area,Country uses the 1993 System of National Accounts methodology.,,2005,"IMF Balance of Payments Manual, 5th edition (1993).",,Special trade system,Consolidated central government,Special Data Dissemination Standard (SDDS),2011,,"Integrated household survey (IHS), 2000",Yes,2010,2010,2010,2007
GHA,Ghana,Ghana,Republic of Ghana,GH,New Ghanaian cedi,"In 2010, the Ghana Statistical Service revised Ghana's national accounts series from 1993 to 2006. The new GDP data were about 60 percent higher than previously reported and incorporated improved data sources and methodology.",Sub-Saharan Africa,Lower middle income,GH,2006,,Value added at basic prices (VAB),IDA,HIPC,,1973-87,2005,"IMF Balance of Payments Manual, 5th edition (1993).",Actual,General trade system,Budgetary central government,General Data Dissemination System (GDDS),2010,"Demographic and Health Survey (DHS), 2008","Living Standards Measurement Study (LSMS), 2006",,2011,2010,2010,2000
GRC,Greece,Greece,Hellenic Republic,GR,Euro,"A simple multiplier is used to convert the national currencies of EMU members to euros. The following irrevocable euro conversion rate was adopted by the EU Council on January 1, 1999: 1 euro = 340.75 Greek drachma. Please note that historical data before 1999 are not actual euros and are not comparable or suitable for aggregation across countries.",Europe & Central Asia,High income: OECD,GR,Original chained constant price data are rescaled.,2005,Value added at basic prices (VAB),,Euro area,,,2005,"IMF Balance of Payments Manual, 5th edition (1993).",,Special trade system,Consolidated central government,Special Data Dissemination Standard (SDDS),2011,,"Integrated household survey (IHS), 2000",Yes,2009,2009,2010,2007
GTM,Guatemala,Guatemala,Republic of Guatemala,GT,Guatemalan quetzal,,Latin America & Caribbean,Lower middle income,GT,2001,,Value added at basic prices (VAB),IBRD,,Country uses the 1993 System of National Accounts methodology.,,,"IMF Balance of Payments Manual, 5th edition (1993).",Actual,Special trade system,Budgetary central government,General Data Dissemination System (GDDS),2002,"Reproductive Health Survey (RHS), 2002","Living Standards Measurement Study (LSMS), 2006",Yes,2008,2010,2010,2000
GIN,Guinea,Guinea,Republic of Guinea,GN,Guinean franc,,Sub-Saharan Africa,Low income,GN,1996,,Value added at basic prices (VAB),IDA,HIPC,,,2005,"IMF Balance of Payments Manual, 5th edition (1993).",Estimate,Special trade system,Budgetary central government,General Data Dissemination System (GDDS),1996,"Demographic and Health Survey (DHS), 2005","Core Welfare Indicator Questionnaire Survey (CWIQ), 2007",,2000-01,2010,2008,2000
HTI,Haiti,Haiti,Republic of Haiti,HT,Haitian gourde,"Fiscal year end: September 30; reporting period for national accounts data: FY. In 2010, the government revised national accounts data following changes in the methodology. Current price series since 1991 and constant price series since 1996 were revised.",Latin America & Caribbean,Low income,HT,1986/87,,Value added at basic prices (VAB),IDA,HIPC,,1991,,"IMF Balance of Payments Manual, 5th edition (1993).",Actual,General trade system,,General Data Dissemination System (GDDS),2003,"Demographic and Health Survey (DHS), 2005/06","Integrated household survey (IHS), 2001",,2009,,1997,2000
HIC,High income,High income,High income,,,"High income group aggregate. High-income economies are those in which 2010 GNI per capita was $12,276 or more.",,,XD,,,,,,,,,,,,,,,,,,,,,
NOC,High income: nonOECD,High income: nonOECD,High income: nonOECD,,,"High income nonOECD aggregate. High-income economies are those in which 2010 GNI per capita was $12,276 or more.",,,XR,,,,,,,,,,,,,,,,,,,,,
OEC,High income: OECD,High income: OECD,High income: OECD,,,"High income OECD members aggregate. High-income economies are those in which 2010 GNI per capita was $12,276 or more.",,,XS,,,,,,,,,,,,,,,,,,,,,
HND,Honduras,Honduras,Republic of Honduras,HN,Honduran lempira,,Latin America & Caribbean,Lower middle income,HN,2000,,Value added at basic prices (VAB),IDA,HIPC,Country uses the 1993 System of National Accounts methodology.,1988-89,,"IMF Balance of Payments Manual, 5th edition (1993).",Actual,Special trade system,Consolidated central government,General Data Dissemination System (GDDS),2001,"Demographic and Health Survey (DHS), 2005/06","Integrated household survey (IHS), 2009",,2013,2010,2009,2000
HKG,"Hong Kong SAR, China","Hong Kong SAR, China",Hong Kong Special Administrative Region of the People's Republic of China,HK,Hong Kong dollar,"On 1 July 1997 China resumed its exercise of sovereignty over Hong Kong. Unless otherwise noted, data for China do not include data for Hong Kong SAR, China; Macao SAR, China; or Taiwan, China. December 2011 database update: base year change to 2009.",East Asia & Pacific,High income: nonOECD,HK,,2009,Value added at basic prices (VAB),,,Country uses the 1993 System of National Accounts methodology.,,2005,"IMF Balance of Payments Manual, 5th edition (1993).",,General trade system,Consolidated central government,Special Data Dissemination Standard (SDDS),2006,,,Yes,,2010,2010,
HUN,Hungary,Hungary,Hungary,HU,Hungarian forint,"Based on data from the Organisation for Economic Co-operation and Development, national accounts data have been revised for 1991 onward.",Europe & Central Asia,High income: OECD,HU,Original chained constant price data are rescaled.,2005,Value added at basic prices (VAB),,,Country uses the 1993 System of National Accounts methodology.,,2005,"IMF Balance of Payments Manual, 5th edition (1993).",,Special trade system,Consolidated central government,Special Data Dissemination Standard (SDDS),2001,,"Expenditure survey/budget survey (ES/BS), 2007",Yes,2007,2010,2010,2007
IND,India,India,Republic of India,IN,Indian rupee,"Fiscal year end: March 31; reporting period for national accounts data: FY. In 2010, data were revised from 2004 onward with official government data. GDP at current prices averaged 4 percent higher than previous estimates. Global Findex data exclude Northeast states and remote islands.",South Asia,Lower middle income,IN,2004/05,,Value added at basic prices (VAB),Blend,,Country uses the 1993 System of National Accounts methodology.,,2005,"IMF Balance of Payments Manual, 5th edition (1993).",Actual,General trade system,Consolidated central government,Special Data Dissemination Standard (SDDS),2011,"Demographic and Health Survey (DHS), 2005/06","Integrated household survey (IHS), 2010",,2011,2010,2010,2010
IDN,Indonesia,Indonesia,Republic of Indonesia,ID,Indonesian rupiah,Data for Indonesia include Timor-Leste through 1999 unless otherwise noted. Fiscal year end: March 31; reporting period for national accounts data: CY.,East Asia & Pacific,Lower middle income,ID,2000,,Value added at producer prices (VAP),IBRD,,,,2005,"IMF Balance of Payments Manual, 5th edition (1993).",Actual,Special trade system,Budgetary central government,Special Data Dissemination Standard (SDDS),2010,"Demographic and Health Survey (DHS), 2007","Integrated household survey (IHS), 2011",,2003,2010,2010,2000
IRN,Iran,"Iran, Islamic Rep.",Islamic Republic of Iran,IR,Iranian rial,Fiscal year end: March 20; reporting period for national accounts data: FY.,Middle East & North Africa,Upper middle income,IR,1997/98,,Value added at basic prices (VAB),IBRD,,,1980-2002,2005,"IMF Balance of Payments Manual, 4th edition (1977).",Actual,Special trade system,Consolidated central government,,2006,"Demographic and Health Survey (DHS), 2000","Expenditure survey/budget survey (ES/BS), 2005",Yes,2003,2007,2010,2004
IRQ,Iraq,Iraq,Republic of Iraq,IQ,Iraqi dinar,,Middle East & North Africa,Lower middle income,IQ,1997,,Value added at basic prices (VAB),IBRD,,,"1997, 2004",2005,"IMF Balance of Payments Manual, 5th edition (1993).",,,,General Data Dissemination System (GDDS),1997,"Multiple Indicator Cluster Survey (MICS), 2006","Integrated household survey (IHS), 2007",,2011,2003,2009,2000
IRL,Ireland,Ireland,Ireland,IE,Euro,"A simple multiplier is used to convert the national currencies of EMU members to euros. The following irrevocable euro conversion rate was adopted by the EU Council on January 1, 1999: 1 euro = 0.787564 Irish pound. Please note that historical data before 1999 are not actual euros and are not comparable or suitable for aggregation across countries.",Europe & Central Asia,High income: OECD,IE,2005,,Value added at basic prices (VAB),,Euro area,Country uses the 1993 System of National Accounts methodology.,,2005,"IMF Balance of Payments Manual, 5th edition (1993).",,General trade system,Consolidated central government,Special Data Dissemination Standard (SDDS),2011,,"Integrated household survey (IHS), 2000",Yes,2010,2009,2010,2000
ISR,Israel,Israel,State of Israel,IL,Israeli new shekel,Global Findex data exclude East Jerusalem.,Middle East & North Africa,High income: OECD,IL,2005,,Value added at producer prices (VAP),,,Country uses the 1993 System of National Accounts methodology.,,2005,"IMF Balance of Payments Manual, 5th edition (1993).",,Special trade system,Consolidated central government,Special Data Dissemination Standard (SDDS),2009,,"Expenditure survey/budget survey (ES/BS), 2001",Yes,1981,,2010,2004
ITA,Italy,Italy,Italian Republic,IT,Euro,"A simple multiplier is used to convert the national currencies of EMU members to euros. The following irrevocable euro conversion rate was adopted by the EU Council on January 1, 1999: 1 euro = 1936.27 Italian lira. Please note that historical data before 1999 are not actual euros and are not comparable or suitable for aggregation across countries.",Europe & Central Asia,High income: OECD,IT,2005,,Value added at basic prices (VAB),,Euro area,Country uses the 1993 System of National Accounts methodology.,,2005,"IMF Balance of Payments Manual, 5th edition (1993).",,Special trade system,Consolidated central government,Special Data Dissemination Standard (SDDS),2012,,"Expenditure survey/budget survey (ES/BS), 2000",Yes,2010,2010,2010,2000
JAM,Jamaica,Jamaica,Jamaica,JM,Jamaican dollar,,Latin America & Caribbean,Upper middle income,JM,2003,,Value added at basic prices (VAB),IBRD,,,,,"IMF Balance of Payments Manual, 5th edition (1993).",Actual,General trade system,Consolidated central government,General Data Dissemination System (GDDS),2011,"Multiple Indicator Cluster Survey (MICS), 2005","Living Standards Measurement Study (LSMS), 2007",,2007,2010,2010,2000
JPN,Japan,Japan,Japan,JP,Japanese yen,Fiscal year end: March 31; reporting period for national accounts data: CY.,East Asia & Pacific,High income: OECD,JP,2005,,Value added at basic prices (VAB),,,,,2005,"IMF Balance of Payments Manual, 5th edition (1993).",,General trade system,Consolidated central government,Special Data Dissemination Standard (SDDS),2010,,"Income survey (IS), 1993",Yes,2010,2009,2011,2001
JOR,Jordan,Jordan,Hashemite Kingdom of Jordan,JO,Jordanian dinar,,Middle East & North Africa,Upper middle income,JO,1994,,Value added at basic prices (VAB),IBRD,,,,2005,"IMF Balance of Payments Manual, 5th edition (1993).",Actual,General trade system,Budgetary central government,Special Data Dissemination Standard (SDDS),2004,"Demographic and Health Survey (DHS), 2009","Expenditure survey/budget survey (ES/BS), 2010",,2007,2010,2010,2005
KAZ,Kazakhstan,Kazakhstan,Republic of Kazakhstan,KZ,Kazakh tenge,,Europe & Central Asia,Upper middle income,KZ,Original chained constant price data are rescaled.,2000,Value added at basic prices (VAB),IBRD,,Country uses the 1993 System of National Accounts methodology.,1987-95,2005,"IMF Balance of Payments Manual, 5th edition (1993).",Actual,General trade system,Consolidated central government,Special Data Dissemination Standard (SDDS),2009,"Multiple Indicator Cluster Survey (MICS), 2006","Expenditure survey/budget survey (ES/BS), 2009",Yes,,2010,2009,2000
KEN,Kenya,Kenya,Republic of Kenya,KE,Kenyan shilling,Fiscal year end: June 30; reporting period for national accounts data: CY.,Sub-Saharan Africa,Low income,KE,2001,,Value added at basic prices (VAB),IDA,,Country uses the 1993 System of National Accounts methodology.,,2005,"IMF Balance of Payments Manual, 5th edition (1993).",Actual,General trade system,Budgetary central government,General Data Dissemination System (GDDS),2009,"Demographic and Health Survey (DHS), 2008/09; Malaria Indicator Survey (MIS), 2010","Integrated household survey (IHS), 2005/06",,1977-79,2010,2010,2003
KOR,Korea,"Korea, Rep.",Republic of Korea,KR,Korean won,,East Asia & Pacific,High income: OECD,KR,2005,,Value added at basic prices (VAB),IBRD,,Country uses the 1993 System of National Accounts methodology.,,2005,"IMF Balance of Payments Manual, 5th edition (1993).",,General trade system,Consolidated central government,Special Data Dissemination Standard (SDDS),2010,,"Expenditure survey/budget survey (ES/BS), 1998",Yes,2000,2010,2010,2002
KSV,Kosovo,Kosovo,Republic of Kosovo,,Euro,"Kosovo became a World Bank member on June 29, 2009. Since 1999, Kosovo has been a territory under international administration pursuant to UN Security Council Resolution 1244 (1999).",Europe & Central Asia,Lower middle income,KV,,,,IDA,,,,,,Actual,,,General Data Dissemination System (GDDS),1981,,"Integrated household survey (IHS), 2009",,,2010,,
KWT,Kuwait,Kuwait,State of Kuwait,KW,Kuwaiti dinar,Fiscal year end: June 30; reporting period for national accounts data: CY. Global Findex data include only Kuwaiti nationals and Arab expatriates.,Middle East & North Africa,High income: nonOECD,KW,1995,,Value added at producer prices (VAP),,,,,2005,"IMF Balance of Payments Manual, 5th edition (1993).",,Special trade system,Budgetary central government,General Data Dissemination System (GDDS),2010,"Family Health Survey (FHS), 1996",,Yes,1970,2003,2009,2002
KGZ,Kyrgyz Republic,Kyrgyz Republic,Kyrgyz Republic,KG,Kyrgyz som,,Europe & Central Asia,Low income,KG,Original chained constant price data are rescaled.,1995,Value added at basic prices (VAB),IDA,HIPC,Country uses the 1993 System of National Accounts methodology.,1990-95,2005,"IMF Balance of Payments Manual, 5th edition (1993).",Actual,Special trade system,Budgetary central government,Special Data Dissemination Standard (SDDS),2009,"Multiple Indicator Cluster Survey (MICS), 2005/06","Expenditure survey/budget survey (ES/BS), 2010",Yes,2002,2010,2010,2000
LAO,Lao PDR,Lao PDR,Lao People's Democratic Republic,LA,Lao kip,Global Findex data exclude some remote rural areas.,East Asia & Pacific,Lower middle income,LA,1990,,Value added at basic prices (VAB),IDA,,,,2005,"IMF Balance of Payments Manual, 5th edition (1993).",Preliminary,Special trade system,Budgetary central government,,2005,"Multiple Indicator Cluster Survey (MICS), 2006","Expenditure survey/budget survey (ES/BS), 2008",,2010-2011,2010,1975,2005
LAC,Latin America & Caribbean (developing only),Latin America & Caribbean,Latin America & Caribbean (developing only),,,Latin America and Caribbean regional aggregate (does not include high-income economies).,,,XJ,,,,,,,,,,,,,,,,,,,,,
LVA,Latvia,Latvia,Republic of Latvia,LV,Latvian lats,,Europe & Central Asia,Upper middle income,LV,2000,,Value added at basic prices (VAB),,,Country uses the 1993 System of National Accounts methodology.,1987-95,2005,"IMF Balance of Payments Manual, 5th edition (1993).",Actual,Special trade system,Consolidated central government,Special Data Dissemination Standard (SDDS),2011,,"Integrated household survey (IHS), 2008",Yes,2010,2010,2010,2000
LBN,Lebanon,Lebanon,Lebanese Republic,LB,Lebanese pound,,Middle East & North Africa,Upper middle income,LB,1997,,Value added at basic prices (VAB),IBRD,,,,2005,"IMF Balance of Payments Manual, 5th edition (1993).",Actual,General trade system,Budgetary central government,General Data Dissemination System (GDDS),1970,"Multiple Indicator Cluster Survey (MICS), 2000",,Yes,2010,2010,2010,2005
LSO,Lesotho,Lesotho,Kingdom of Lesotho,LS,Lesotho loti,Fiscal year end: March 31; reporting period for national accounts data: CY.,Sub-Saharan Africa,Lower middle income,LS,1995,,Value added at basic prices (VAB),IDA,,Country uses the 1993 System of National Accounts methodology.,,2005,"IMF Balance of Payments Manual, 5th edition (1993).",Actual,General trade system,Consolidated central government,General Data Dissemination System (GDDS),2006,"Demographic and Health Survey (DHS), 2009/10","Expenditure survey/budget survey (ES/BS), 2002/03",,2010,2010,2008,2000
LBR,Liberia,Liberia,Republic of Liberia,LR,Liberian dollar,,Sub-Saharan Africa,Low income,LR,1992,,Value added at producer prices (VAP),IDA,HIPC,,,2005,"IMF Balance of Payments Manual, 5th edition (1993).",Actual,Special trade system,Budgetary central government,General Data Dissemination System (GDDS),2008,"Demographic and Health Survey (DHS), 2007; Malaria Indicator Survey (MIS), 2009","Core Welfare Indicator Questionnaire Survey (CWIQ), 2007",,,2008,1985,2000
LTU,Lithuania,Lithuania,Republic of Lithuania,LT,Lithuanian litas,,Europe & Central Asia,Upper middle income,LT,2000,,Value added at basic prices (VAB),,,Country uses the 1993 System of National Accounts methodology.,1990-95,2005,"IMF Balance of Payments Manual, 5th edition (1993).",Actual,General trade system,Consolidated central government,Special Data Dissemination Standard (SDDS),2011,,"Expenditure survey/budget survey (ES/BS), 2008",Yes,2010,2009,2010,2007
LMY,Low & middle income,Low & middle income,Low & middle income,,,"Low and middle income group aggregate (all developing economies). Low- and middle-income economies are those in which 2010 GNI per capita was $12,275 or less.",,,XO,,,,,,,,,,,,,,,,,,,,,
LIC,Low income,Low income,Low income,,,"Low income group aggregate. Low-income economies are those in which 2010 GNI per capita was $1,005 or less.",,,XM,,,,,,,,,,,,,,,,,,,,,
LMC,Lower middle income,Lower middle income,Lower middle income,,,"Lower middle income group aggregate. Lower-middle-income economies are those in which 2010 GNI per capita was between $1,006 and $3,975.",,,XN,,,,,,,,,,,,,,,,,,,,,
LUX,Luxembourg,Luxembourg,Grand Duchy of Luxembourg,LU,Euro,"A simple multiplier is used to convert the national currencies of EMU members to euros. The following irrevocable euro conversion rate was adopted by the EU Council on January 1, 1999: 1 euro = 40.3399 Luxembourg franc. Please note that historical data before 1999 are not actual euros and are not comparable or suitable for aggregation across countries.",Europe & Central Asia,High income: OECD,LU,,2005,Value added at basic prices (VAB),,Euro area,,,2005,"IMF Balance of Payments Manual, 5th edition (1993).",,Special trade system,Consolidated central government,Special Data Dissemination Standard (SDDS),2011,,,Yes,2010,2010,2010,1999
MKD,Macedonia,"Macedonia, FYR",Former Yugoslav Republic of Macedonia,MK,Macedonian denar,"Based on official statistics, national accounts data have been revised for 2003 onward.",Europe & Central Asia,Upper middle income,MK,1997,1995,Value added at basic prices (VAB),IBRD,,Country uses the 1993 System of National Accounts methodology.,,2005,"IMF Balance of Payments Manual, 5th edition (1993).",Actual,Special trade system,,Special Data Dissemination Standard (SDDS),2010,"Multiple Indicator Cluster Survey (MICS), 2005","Expenditure survey/budget survey (ES/BS), 2009",Yes,2007,2010,2009,2007
MDG,Madagascar,Madagascar,Republic of Madagascar,MG,Malagasy ariary,Global Findex data exclude most rural areas.,Sub-Saharan Africa,Low income,MG,1984,,Value added at basic prices (VAB),IDA,HIPC,,,2005,"IMF Balance of Payments Manual, 5th edition (1993).",Actual,Special trade system,Consolidated central government,General Data Dissemination System (GDDS),1993,"Demographic and Health Survey (DHS), 2008/09","Priority survey (PS), 2010",,2004,2009,2010,2000
MWI,Malawi,Malawi,Republic of Malawi,MW,Malawi kwacha,Fiscal year end: March 31; reporting period for national accounts data: CY.,Sub-Saharan Africa,Low income,MW,1994,,Value added at basic prices (VAB),IDA,HIPC,,,2005,"IMF Balance of Payments Manual, 5th edition (1993).",Actual,General trade system,,General Data Dissemination System (GDDS),2008,"Demographic and Health Survey (DHS), 2010","Living Standards Measurement Study (LSMS), 2004/05",,2006-2007,2010,2010,2000
MYS,Malaysia,Malaysia,Malaysia,MY,Malaysian ringgit,,East Asia & Pacific,Upper middle income,MY,2000,,Value added at producer prices (VAP),IBRD,,,,2005,"IMF Balance of Payments Manual, 5th edition (1993).",Estimate,General trade system,Budgetary central government,Special Data Dissemination Standard (SDDS),2010,,"Expenditure survey/budget survey (ES/BS), 2009",Yes,2012,2010,2010,2005
MLI,Mali,Mali,Republic of Mali,ML,CFA franc,Global Findex data exclude the Northern part of the country.,Sub-Saharan Africa,Low income,ML,1987,,Value added at basic prices (VAB),IDA,HIPC,,,2005,"IMF Balance of Payments Manual, 5th edition (1993).",Actual,Special trade system,Budgetary central government,General Data Dissemination System (GDDS),2009,"Demographic and Health Survey (DHS), 2006; Special, 2010","Integrated household survey (IHS), 2010",,,2007,2010,2000
MLT,Malta,Malta,Republic of Malta,MT,Euro,"A simple multiplier is used to convert the national currencies of EMU members to euros. The following irrevocable euro conversion rate entered into force on January 1, 2008: 1 euro = 0.4293 Maltese lira. Please note that historical data are not actual euros and are not comparable or suitable for aggregation across countries.",Middle East & North Africa,High income: nonOECD,MT,2005,,Value added at basic prices (VAB),,Euro area,,,2005,"IMF Balance of Payments Manual, 5th edition (1993).",,General trade system,Consolidated central government,Special Data Dissemination Standard (SDDS),2005,,,Yes,2010,2009,2010,2002
MRT,Mauritania,Mauritania,Islamic Republic of Mauritania,MR,Mauritanian ouguiya,"Based on official government statistics, data have been revised for 1991 onward; the new base year for constant price series is 2004.",Sub-Saharan Africa,Lower middle income,MR,2004,,Value added at basic prices (VAB),IDA,HIPC,,,2005,"IMF Balance of Payments Manual, 4th edition (1977).",Actual,Special trade system,,General Data Dissemination System (GDDS),2000,"Multiple Indicator Cluster Survey (MICS), 2007","Integrated household survey (IHS), 2008",,,2010,2010,2000
MUS,Mauritius,Mauritius,Republic of Mauritius,MU,Mauritian rupee,"In 2010, national accounts were revised to reflect fiscal year data rather than calendar year data.",Sub-Saharan Africa,Upper middle income,MU,2006,,Value added at basic prices (VAB),IBRD,,,,2005,"IMF Balance of Payments Manual, 5th edition (1993).",Actual,General trade system,Consolidated central government,General Data Dissemination System (GDDS),2011,,,Yes,,2010,2010,2003
MEX,Mexico,Mexico,United Mexican States,MX,Mexican peso,,Latin America & Caribbean,Upper middle income,MX,2003,,Value added at basic prices (VAB),IBRD,,Country uses the 1993 System of National Accounts methodology.,,2005,"IMF Balance of Payments Manual, 5th edition (1993).",Actual,General trade system,Consolidated central government,Special Data Dissemination Standard (SDDS),2010,"National Family Planning Survey (Encuesta Nacional de Planificacion Familiar - ENPF), 1995","Labor force survey (LFS), 2010",,2007,2010,2010,2008
MDE,Middle East (developing only),Middle East (developing only),Middle East (developing only),M1,,Middle East (developing only) aggregate.,,,M1,,,,,,,,,,,,,,,,,,,,,
MIC,Middle income,Middle income,Middle income,,,"Middle income group aggregate. Middle-income economies are those in which 2010 GNI per capita was between $1,006 and $12,275.",,,XP,,,,,,,,,,,,,,,,,,,,,
MDA,Moldova,Moldova,Republic of Moldova,MD,Moldovan leu,Global Findex data exclude Transnistria.,Europe & Central Asia,Lower middle income,MD,Original chained constant price data are rescaled.,1996,Value added at basic prices (VAB),IDA,,Country uses the 1993 System of National Accounts methodology.,1990-95,2005,"IMF Balance of Payments Manual, 5th edition (1993).",Actual,General trade system,Consolidated central government,Special Data Dissemination Standard (SDDS),2004,"Demographic and Health Survey (DHS), 2005","Expenditure survey/budget survey (ES/BS), 2010",Yes,2011,2010,2010,2000
MNG,Mongolia,Mongolia,Mongolia,MN,Mongolian tugrik,,East Asia & Pacific,Lower middle income,MN,2005,,Value added at basic prices (VAB),IDA,,Country uses the 1993 System of National Accounts methodology.,,2005,"IMF Balance of Payments Manual, 5th edition (1993).",Actual,General trade system,Consolidated central government,General Data Dissemination System (GDDS),2010,"Multiple Indicator Cluster Survey (MICS), 2010","Living Standards Measurement Study (LSMS), 2007/08",Yes,2011,2010,2007,2005
MNE,Montenegro,Montenegro,Montenegro,ME,Euro,"Montenegro declared independence from Serbia and Montenegro on June 3, 2006. Where available, data for each country are shown separately. However, for Serbia, some indicators continue to include data for Montenegro through 2005.",Europe & Central Asia,Upper middle income,ME,2000,,Value added at basic prices (VAB),IBRD,,Country uses the 1993 System of National Accounts methodology.,,2005,"IMF Balance of Payments Manual, 5th edition (1993).",Actual,Special trade system,,General Data Dissemination System (GDDS),2011,"Multiple Indicator Cluster Survey (MICS), 2005/06","Expenditure survey/budget survey (ES/BS), 2008",Yes,2010,2010,,
MAR,Morocco,Morocco,Kingdom of Morocco,MA,Moroccan dirham,,Middle East & North Africa,Lower middle income,MA,1998,,Value added at basic prices (VAB),IBRD,,,,2005,"IMF Balance of Payments Manual, 5th edition (1993).",Actual,Special trade system,Consolidated central government,Special Data Dissemination Standard (SDDS),2004,"Multiple Indicator Cluster Survey (MICS), 2006","Expenditure survey/budget survey (ES/BS), 2007",,2012,2010,2010,2000
MMR,Myanmar,Myanmar,Republic of the Union of Myanmar,MM,Myanmar kyat,Fiscal year end: March 31; reporting period for national accounts data: FY.,East Asia & Pacific,Low income,MM,2005/06,,Value added at producer prices (VAP),IDA,,Country uses the 1968 System of National Accounts methodology.,,2011,"IMF Balance of Payments Manual, 6th edition.",Estimate,General trade system,Consolidated central government,General Data Dissemination System (GDDS),2014,"Multiple Indicator Cluster Survey (MICS), 2009/10",,,2010,,2010,2000
NAM,Namibia,Namibia,Republic of Namibia,NA,Namibian dollar,"Fiscal year end: March 31; reporting period for national accounts data: CY. Based on official government statistics, national accounts data have been revised from 1980 onward; the new base year is 2010.",Sub-Saharan Africa,Upper middle income,NA,2010,,Value added at basic prices (VAB),IBRD,,Country uses the 1993 System of National Accounts methodology.,,2011,"IMF Balance of Payments Manual, 6th edition.",,General trade system,Budgetary central government,General Data Dissemination System (GDDS),2011,"Demographic and Health Survey (DHS), 2013","Expenditure survey/budget survey (ES/BS), 2009/10",,2014,,2013,2002
NPL,Nepal,Nepal,Nepal,NP,Nepalese rupee,Fiscal year end: July 14; reporting period for national accounts data: FY.,South Asia,Low income,NP,2000/01,,Value added at basic prices (VAB),IDA,,,,2005,"IMF Balance of Payments Manual, 5th edition (1993).",Actual,General trade system,Consolidated central government,General Data Dissemination System (GDDS),2001,"Multiple Indicator Cluster Survey (MICS), 2010","Living Standards Measurement Study (LSMS), 2010",,2011-2012,2010,2010,2005
NLD,Netherlands,Netherlands,Kingdom of the Netherlands,NL,Euro,"A simple multiplier is used to convert the national currencies of EMU members to euros. The following irrevocable euro conversion rate was adopted by the EU Council on January 1, 1999: 1 euro = 2.20371 Netherlands guilder. Please note that historical data before 1999 are not actual euros and are not comparable or suitable for aggregation across countries.",Europe & Central Asia,High income: OECD,NL,Original chained constant price data are rescaled.,2005,Value added at basic prices (VAB),,Euro area,Country uses the 1993 System of National Accounts methodology.,,2005,"IMF Balance of Payments Manual, 5th edition (1993).",,Special trade system,Consolidated central government,Special Data Dissemination Standard (SDDS),2011,,"Integrated household survey (IHS), 1999",Yes,2010,2010,2010,2008
NZL,New Zealand,New Zealand,New Zealand,NZ,New Zealand dollar,Fiscal year end: March 31; reporting period for national accounts data: FY.,East Asia & Pacific,High income: OECD,NZ,2005/06,,Value added at basic prices (VAB),,,,,2005,"IMF Balance of Payments Manual, 5th edition (1993).",,General trade system,Consolidated central government,,2006,,"Income survey (IS), 1997",Yes,2012,2006,2010,2002
NIC,Nicaragua,Nicaragua,Republic of Nicaragua,NI,Nicaraguan gold cordoba,,Latin America & Caribbean,Lower middle income,NI,1994,,Value added at basic prices (VAB),IDA,HIPC,Country uses the 1993 System of National Accounts methodology.,1965-95,,"IMF Balance of Payments Manual, 5th edition (1993).",Actual,General trade system,Budgetary central government,General Data Dissemination System (GDDS),2005,"Reproductive Health Survey (RHS), 2006/07","Living Standards Measurement Study (LSMS), 2005",,2011,2010,2010,2000
NER,Niger,Niger,Republic of Niger,NE,CFA franc,Global Findex data exclude part of the Agadez region in the North.,Sub-Saharan Africa,Low income,NE,1987,,Value added at producer prices (VAP),IDA,HIPC,,1993,2005,"IMF Balance of Payments Manual, 5th edition (1993).",Actual,Special trade system,Budgetary central government,General Data Dissemination System (GDDS),2001,"Demographic and Health Survey (DHS), 2006","Core Welfare Indicator Questionnaire Survey (CWIQ)/Priority survey (PS), 2008",,2005-2007,2003,2010,2000
NGA,Nigeria,Nigeria,Federal Republic of Nigeria,NG,Nigerian naira,,Sub-Saharan Africa,Lower middle income,NG,2002,,Value added at basic prices (VAB),IDA,,,1971-98,2005,"IMF Balance of Payments Manual, 5th edition (1993).",Actual,General trade system,Budgetary central government,General Data Dissemination System (GDDS),2006,"Demographic and Health Survey (DHS), 2008","Integrated household survey (IHS), 2010",,2007,2006,2010,2000
NOR,Norway,Norway,Kingdom of Norway,NO,Norwegian krone,,Europe & Central Asia,High income: OECD,NO,Original chained constant price data are rescaled.,2005,Value added at basic prices (VAB),,,Country uses the 1993 System of National Accounts methodology.,,Rolling,"IMF Balance of Payments Manual, 6th edition.",,General trade system,Consolidated central government,Special Data Dissemination Standard (SDDS),2011,,"Income survey (IS), 2010",Yes,2010,2010,2013,2006
OMN,Oman,Oman,Sultanate of Oman,OM,Rial Omani,Global Findex data include only Omani nationals and Arab expatriates.,Middle East & North Africa,High income: nonOECD,OM,1988,,Value added at producer prices (VAP),,,,,2005,"IMF Balance of Payments Manual, 5th edition (1993).",,General trade system,Budgetary central government,General Data Dissemination System (GDDS),2010,"Family Health Survey (FHS), 1995",,,1978-79,2004,2010,2003
PAK,Pakistan,Pakistan,Islamic Republic of Pakistan,PK,Pakistani rupee,Fiscal year end: June 30; reporting period for national accounts data: FY. Global Findex data exclude Federally Administered Tribal Areas.,South Asia,Lower middle income,PK,1999/2000,,Value added at basic prices (VAB),Blend,,Country uses the 1993 System of National Accounts methodology.,,2005,"IMF Balance of Payments Manual, 5th edition (1993).",Actual,General trade system,Budgetary central government,General Data Dissemination System (GDDS),1998,"Multiple Indicator Cluster Survey (MICS), 2010","Integrated household survey (IHS), 2008",,2000,2010,2010,2008
PAN,Panama,Panama,Republic of Panama,PA,Panamanian balboa,,Latin America & Caribbean,Upper middle income,PA,1996,,Value added at basic prices (VAB),IBRD,,Country uses the 1993 System of National Accounts methodology.,,,"IMF Balance of Payments Manual, 5th edition (1993).",Actual,Special trade system,Consolidated central government,General Data Dissemination System (GDDS),2010,"Living Standards Measurement Survey (LSMS), 2003","Labor force survey (LFS), 2010",,2011,2010,2010,2000
PRY,Paraguay,Paraguay,Republic of Paraguay,PY,Paraguayan guarani,,Latin America & Caribbean,Lower middle income,PY,1994,,Value added at producer prices (VAP),IBRD,,,,2005,"IMF Balance of Payments Manual, 5th edition (1993).",Actual,Special trade system,Budgetary central government,General Data Dissemination System (GDDS),2002,"Reproductive Health Survey (RHS), 2004","Integrated household survey (IHS), 2010",,2008,2010,2011,2000
PER,Peru,Peru,Republic of Peru,PE,Peruvian new sol,,Latin America & Caribbean,Upper middle income,PE,1994,,Value added at basic prices (VAB),IBRD,,,1985-90,2005,"IMF Balance of Payments Manual, 5th edition (1993).",Actual,Special trade system,Consolidated central government,Special Data Dissemination Standard (SDDS),2007,"Demographic and Health Survey (DHS), 2007/08","Integrated household survey (IHS), 2010",,2012,2010,2010,2000
PHL,Philippines,Philippines,Republic of the Philippines,PH,Philippine peso,"National accounts data have been revised for 1998 onward. Because intellectual property products are now reported as a part of gross fixed capital formation, gross domestic product (GDP) in current prices averages 4 percent higher than previous estimates.",East Asia & Pacific,Lower middle income,PH,2000,,Value added at producer prices (VAP),IBRD,,,,2005,"IMF Balance of Payments Manual, 5th edition (1993).",Actual,General trade system,Budgetary central government,Special Data Dissemination Standard (SDDS),2010,"Demographic and Health Survey (DHS), 2008","Expenditure survey/budget survey (ES/BS), 2009",Yes,2012,2010,2010,2009
POL,Poland,Poland,Republic of Poland,PL,Polish zloty,,Europe & Central Asia,High income: OECD,PL,Original chained constant price data are rescaled.,2005,Value added at basic prices (VAB),IBRD,,Country uses the 1993 System of National Accounts methodology.,,2005,"IMF Balance of Payments Manual, 5th edition (1993).",,Special trade system,Consolidated central government,Special Data Dissemination Standard (SDDS),2011,,"Expenditure survey/budget survey (ES/BS), 2009",Yes,2010,2010,2010,2009
PRT,Portugal,Portugal,Portuguese Republic,PT,Euro,"A simple multiplier is used to convert the national currencies of EMU members to euros. The following irrevocable euro conversion rate was adopted by the EU Council on January 1, 1999: 1 euro = 200.482 Portuguese escudo. Please note that historical data before 1999 are not actual euros and are not comparable or suitable for aggregation across countries.",Europe & Central Asia,High income: OECD,PT,2005,,Value added at basic prices (VAB),,Euro area,Country uses the 1993 System of National Accounts methodology.,,2005,"IMF Balance of Payments Manual, 5th edition (1993).",,Special trade system,Consolidated central government,Special Data Dissemination Standard (SDDS),2011,,"Income survey (IS), 1997",Yes,2009,2010,2010,2002
PRI,Puerto Rico,Puerto Rico,Puerto Rico,PR,U.S. dollar,"Fiscal year end: June 30; reporting period for national accounts data: FY. April 2012 database update: Based on data from the Instituto de Estadísticas de Puerto Rico, national accounts data were revised for 2001 onward.",Latin America & Caribbean,High income: nonOECD,PR,1953/54,,Value added at producer prices (VAP),,,Country uses the 1968 System of National Accounts methodology.,,,,,General trade system,,,2010,"Reproductive Health Survey (RHS), 1995/96",,Yes,2007,2006,,2005
QAT,Qatar,Qatar,State of Qatar,QA,Qatari riyal,Global Findex data include only Qatari nationals and Arab expatriates.,Middle East & North Africa,High income: nonOECD,QA,2001,,Value added at producer prices (VAP),,,,,2005,,,Special trade system,Budgetary central government,General Data Dissemination System (GDDS),2010,,,Yes,2000-01,,2009,2005
ROM,Romania,Romania,Romania,RO,New Romanian leu,,Europe & Central Asia,Upper middle income,RO,Original chained constant price data are rescaled.,2005,Value added at basic prices (VAB),IBRD,,Country uses the 1993 System of National Accounts methodology.,"1987-89, 1992",2005,"IMF Balance of Payments Manual, 5th edition (1993).",Actual,Special trade system,Consolidated central government,Special Data Dissemination Standard (SDDS),2011,"Reproductive Health Survey (RHS), 1999","Labor force survey (LFS), 2009",Yes,2010,2010,2010,2009
RUS,Russia,Russian Federation,Russian Federation,RU,Russian ruble,,Europe & Central Asia,Upper middle income,RU,2000,,Value added at basic prices (VAB),IBRD,,Country uses the 1993 System of National Accounts methodology.,1987-95,2005,"IMF Balance of Payments Manual, 5th edition (1993).",Preliminary,General trade system,Consolidated central government,Special Data Dissemination Standard (SDDS),2010,"Reproductive Health Survey (RHS), 1996","Integrated household survey (IHS), 2009",Yes,2006,2010,2010,2001
RWA,Rwanda,Rwanda,Republic of Rwanda,RW,Rwandan franc,,Sub-Saharan Africa,Low income,RW,1995,,Value added at producer prices (VAP),IDA,HIPC,,1994,2005,"IMF Balance of Payments Manual, 5th edition (1993).",Actual,General trade system,Consolidated central government,General Data Dissemination System (GDDS),2002,"Demographic and Health Survey (DHS), 2007/08","Integrated household survey (IHS), 2011",,2008,2009,2010,2000
SAU,Saudi Arabia,Saudi Arabia,Kingdom of Saudi Arabia,SA,Saudi Arabian riyal,Global Findex data include only Saudi nationals and Arab expatriates.,Middle East & North Africa,High income: nonOECD,SA,1999,,Value added at producer prices (VAP),,,,,2005,"IMF Balance of Payments Manual, 5th edition (1993).",,Special trade system,,General Data Dissemination System (GDDS),2010,"Demographic survey, 2007",,,2010,2010,2010,2006
SEN,Senegal,Senegal,Republic of Senegal,SN,CFA franc,,Sub-Saharan Africa,Lower middle income,SN,1999,1987,Value added at basic prices (VAB),IDA,HIPC,Country uses the 1993 System of National Accounts methodology.,,2005,"IMF Balance of Payments Manual, 5th edition (1993).",Actual,General trade system,Budgetary central government,General Data Dissemination System (GDDS),2002,"Demographic and Health Survey (DHS), 2005; Malaria Indicator Survey (MIS), 2008/09","Priority survey (PS), 2005",,2011-2012,2010,2011,2002
SRB,Serbia,Serbia,Republic of Serbia,RS,New Serbian dinar,"Montenegro declared independence from Serbia and Montenegro on June 3, 2006. Where available, data for each country are shown separately. However, for Serbia, some indicators, such as those series for which data appear only for Serbia and not Montenegro--e.g., aid, environment, external debt, balance of payments, various social indicators excluding population--continue to include data for Montenegro through 2005. Moreover, data from 1999 onward for Serbia for most indicators exclude data for Kosovo, 1999 being the year when Kosovo became a territory under international administration pursuant to UN Security Council Resolution 1244 (1999); any exceptions are noted. Kosovo became a World Bank member on June 29, 2009; available data are shown separately for Kosovo. The Statistical Office of Serbia has improved the methodology of national accounts data for 2003 onward. Specifically, the classification of sectors has been revised, and GDP is now calculated using chain linked volumes in 2005 prices.",Europe & Central Asia,Upper middle income,YF,Original chained constant price data are rescaled.,2002,Value added at basic prices (VAB),IBRD,,Country uses the 1993 System of National Accounts methodology.,,2005,"IMF Balance of Payments Manual, 5th edition (1993).",Actual,Special trade system,Consolidated central government,General Data Dissemination System (GDDS),2011,"Multiple Indicator Cluster Survey (MICS), 2005/06","Integrated household survey (IHS), 2009",Yes,2012,2010,2008,2009
SLE,Sierra Leone,Sierra Leone,Republic of Sierra Leone,SL,Sierra Leonean leone,Fiscal year end: June 30; reporting period for national accounts data: CY.,Sub-Saharan Africa,Low income,SL,1990,,Value added at basic prices (VAB),IDA,HIPC,Country uses the 1993 System of National Accounts methodology.,,2005,"IMF Balance of Payments Manual, 5th edition (1993).",Actual,Special trade system,Budgetary central government,General Data Dissemination System (GDDS),2004,"Demographic and Health Survey (DHS), 2008","Integrated household survey (IHS), 2003",,1984-85,2003,2002,2000
SGP,Singapore,Singapore,Republic of Singapore,SG,Singapore dollar,Fiscal year end: March 31; reporting period for national accounts data: CY. National accounts time series have been replaced with official government statistics.,East Asia & Pacific,High income: nonOECD,SG,2005,,Value added at basic prices (VAB),,,Country uses the 1993 System of National Accounts methodology.,,2005,"IMF Balance of Payments Manual, 5th edition (1993).",,General trade system,Consolidated central government,Special Data Dissemination Standard (SDDS),2010,"General  household, 2005",,Yes,,2010,2010,
SVK,Slovak Republic,Slovak Republic,Slovak Republic,SK,Euro,"A simple multiplier is used to convert the national currencies of EMU members to euros. The following irrevocable euro conversion rate entered into force on January 1, 2009: 1 euro = 30.126 Slovak koruna. Please note that historical data are not actual euros and are not comparable or suitable for aggregation across countries.",Europe & Central Asia,High income: OECD,SK,2005,,Value added at basic prices (VAB),,Euro area,Country uses the 1993 System of National Accounts methodology.,,2005,"IMF Balance of Payments Manual, 5th edition (1993).",,Special trade system,Consolidated central government,Special Data Dissemination Standard (SDDS),2011,,"Income survey (IS), 2009",Yes,2001,2010,2010,2007
SVN,Slovenia,Slovenia,Republic of Slovenia,SI,Euro,"A simple multiplier is used to convert the national currencies of EMU members to euros. The following irrevocable euro conversion rate entered into force on January 1, 2007: 1 euro = 239.64 Slovenian tolar. Please note that historical data are not actual euros and are not comparable or suitable for aggregation across countries.",Europe & Central Asia,High income: OECD,SI,Original chained constant price data are rescaled.,2005,Value added at basic prices (VAB),,Euro area,Country uses the 1993 System of National Accounts methodology.,,2005,"IMF Balance of Payments Manual, 5th edition (1993).",,Special trade system,Consolidated central government,Special Data Dissemination Standard (SDDS),2011,,"Expenditure survey/budget survey (ES/BS), 2004",Yes,2010,2010,2010,2009
SOM,Somalia,Somalia,Somali Democratic Republic,SO,Somali shilling,Global Findex data exclude regions other than Somaliland.,Sub-Saharan Africa,Low income,SO,1985,,Value added at basic prices (VAB),IDA,HIPC,,1977-90,,,Estimate,,,,1987,"Multiple Indicator Cluster Survey (MICS), 2006",,,,1990,1982,2003
ZAF,South Africa,South Africa,Republic of South Africa,ZA,South African rand,Fiscal year end: March 31; reporting period for national accounts data: CY.,Sub-Saharan Africa,Upper middle income,ZA,2005,,Value added at basic prices (VAB),IBRD,,Country uses the 1993 System of National Accounts methodology.,,2005,"IMF Balance of Payments Manual, 5th edition (1993).",Preliminary,General trade system,Consolidated central government,Special Data Dissemination Standard (SDDS),2001,"Demographic and Health Survey (DHS), 2003","Expenditure survey/budget survey (ES/BS), 2009",,2012,2010,2010,2000
SAS,South Asia,South Asia,South Asia,,,South Asia regional aggregate. There are no economies in South Asia classified as high income.,,,8S,,,,,,,,,,,,,,,,,,,,,
ESP,Spain,Spain,Kingdom of Spain,ES,Euro,"A simple multiplier is used to convert the national currencies of EMU members to euros. The following irrevocable euro conversion rate was adopted by the EU Council on January 1, 1999: 1 euro = 166.386 Spanish peseta. Please note that historical data before 1999 are not actual euros and are not comparable or suitable for aggregation across countries.",Europe & Central Asia,High income: OECD,ES,2005,,Value added at basic prices (VAB),,Euro area,Country uses the 1993 System of National Accounts methodology.,,2005,"IMF Balance of Payments Manual, 5th edition (1993).",,Special trade system,Consolidated central government,Special Data Dissemination Standard (SDDS),2001,,"Integrated household survey (IHS), 2000",Yes,1999,2009,2010,2008
LKA,Sri Lanka,Sri Lanka,Democratic Socialist Republic of Sri Lanka,LK,Sri Lankan rupee,,South Asia,Lower middle income,LK,2002,,Value added at producer prices (VAP),Blend,,,,2005,"IMF Balance of Payments Manual, 5th edition (1993).",Actual,General trade system,Budgetary central government,General Data Dissemination System (GDDS),2001,"Demographic and Health Survey (DHS), 2006/07","Expenditure survey/budget survey (ES/BS), 2007",Yes,2012,2010,2010,2005
SSA,Sub-Saharan Africa (developing only),Sub-Saharan Africa,Sub-Saharan Africa (developing only),,,Sub-Saharan Africa regional aggregate (does not include high-income economies).,,,ZF,,,,,,,,,,,,,,,,,,,,,
SDN,Sudan,Sudan,Republic of the Sudan,SD,Sudanese pound,Data reported for Sudan include South Sudan unless otherwise noted. Global Findex data exclude South Sudan and Darfur region.,Sub-Saharan Africa,Lower middle income,SD,1981/82. Reporting period switch from fiscal year to calendar year from 1996. Pre-1996 data converted to calendar year.,1996,Value added at basic prices (VAB),IDA,HIPC,,,2005,"IMF Balance of Payments Manual, 5th edition (1993).",Actual,General trade system,Budgetary central government,General Data Dissemination System (GDDS),2008,"Multiple Indicator Cluster Survey (MICS), 2010","Expenditure survey/budget survey (ES/BS), 2009",,,2010,2009,2000. Includes South Sudan.
SWZ,Swaziland,Swaziland,Kingdom of Swaziland,SZ,Swaziland lilangeni,Fiscal year end: March 31; reporting period for national accounts data: CY. The Central Statistical Office has revised national accounts data for 1990 onward.,Sub-Saharan Africa,Lower middle income,SZ,2000,,Value added at basic prices (VAB),IBRD,,,,2005,"IMF Balance of Payments Manual, 5th edition (1993).",Actual,General trade system,Budgetary central government,General Data Dissemination System (GDDS),2007,"Multiple Indicator Cluster Survey (MICS), 2010","Expenditure survey/budget survey (ES/BS), 2010",,2003,2010,2007,2000
SWE,Sweden,Sweden,Kingdom of Sweden,SE,Swedish krona,Fiscal year end: June 30; reporting period for national accounts data: CY.,Europe & Central Asia,High income: OECD,SE,Original chained constant price data are rescaled.,2005,Value added at basic prices (VAB),,,,,2005,"IMF Balance of Payments Manual, 5th edition (1993).",,General trade system,Consolidated central government,Special Data Dissemination Standard (SDDS),Register based.,,"Income survey (IS), 2000",Yes,2010,2010,2010,2007
CHE,Switzerland,Switzerland,Switzerland,CH,Swiss franc,,Europe & Central Asia,High income: OECD,CH,2005,,Value added at basic prices (VAB),,,Country uses the 2008 System of National Accounts methodology.,,Rolling,"IMF Balance of Payments Manual, 6th edition.",,Special trade system,Consolidated central government,Special Data Dissemination Standard (SDDS),2010,,"Expenditure survey/budget survey (ES/BS), 2004",Yes,2008,2010,2013,2000
SYR,Syrian Arab Republic,Syrian Arab Republic,Syrian Arab Republic,SY,Syrian pound,The Central Bureau of Statistics has revised national accounts data for 2003 onward.,Middle East & North Africa,Lower middle income,SY,2000,,Value added at basic prices (VAB),IBRD,,,1970-2010,2005,"IMF Balance of Payments Manual, 5th edition (1993).",Actual,Special trade system,Consolidated central government,General Data Dissemination System (GDDS),2004,"Multiple Indicator Cluster Survey (MICS), 2006","Expenditure survey/budget survey (ES/BS), 2004",,2014,2002,2008,2005
TWN,"Taiwan, China","Taiwan, China","Taiwan, China",TW,Taiwanese dollar,,East Asia & Pacific,High income: nonOECD,TW,2001,,Value added at producer prices (VAP),,,,,,,,,,,,,,,,,,
TJK,Tajikistan,Tajikistan,Republic of Tajikistan,TJ,Tajik somoni,,Europe & Central Asia,Low income,TJ,Original chained constant price data are rescaled.,2000,Value added at basic prices (VAB),IDA,,Country uses the 1993 System of National Accounts methodology.,1990-95,2005,"IMF Balance of Payments Manual, 5th edition (1993).",Actual,General trade system,Consolidated central government,General Data Dissemination System (GDDS),2010,"Multiple Indicator Cluster Survey (MICS), 2005","Living Standards Measurement Study (LSMS), 2009",,2013,2010,2000,2000
TZA,Tanzania,Tanzania,United Republic of Tanzania,TZ,Tanzanian shilling,,Sub-Saharan Africa,Low income,TZ,Original chained constant price data are rescaled.,2001,Value added at basic prices (VAB),IDA,HIPC,,,2005,"IMF Balance of Payments Manual, 5th edition (1993).",Actual,General trade system,,General Data Dissemination System (GDDS),2002,"Demographic and Health Survey (DHS), 2010","Expenditure survey/budget survey (ES/BS), 2007",,2007-2008,2010,2011,2002
THA,Thailand,Thailand,Kingdom of Thailand,TH,Thai baht,Fiscal year end: September 30; reporting period for national accounts data: CY.,East Asia & Pacific,Upper middle income,TH,1988,,Value added at producer prices (VAP),IBRD,,,,2005,"IMF Balance of Payments Manual, 5th edition (1993).",Actual,Special trade system,Consolidated central government,Special Data Dissemination Standard (SDDS),2010,"Multiple Indicator Cluster Survey (MICS), 2005/06","Integrated household survey (IHS), 2009",,2013,2010,2010,2007
TGO,Togo,Togo,Republic of Togo,TG,CFA franc,,Sub-Saharan Africa,Low income,TG,1978,,Value added at producer prices (VAP),IDA,HIPC,,,2005,"IMF Balance of Payments Manual, 5th edition (1993).",Actual,Special trade system,Budgetary central government,General Data Dissemination System (GDDS),2010,"Multiple Indicator Cluster Survey (MICS), 2010","Core Welfare Indicator Questionnaire Survey (CWIQ), 2006",,2011-2012,2005,2010,2002
TTO,Trinidad and Tobago,Trinidad and Tobago,Republic of Trinidad and Tobago,TT,Trinidad and Tobago dollar,,Latin America & Caribbean,High income: nonOECD,TT,2000,,Value added at basic prices (VAB),IBRD,,Country uses the 1993 System of National Accounts methodology.,,,"IMF Balance of Payments Manual, 5th edition (1993).",,Special trade system,Consolidated central government,General Data Dissemination System (GDDS),2011,"Multiple Indicator Cluster Survey (MICS), 2006","Integrated household survey (IHS), 1992",Yes,2004,2010,2010,2000
TUN,Tunisia,Tunisia,Republic of Tunisia,TN,Tunisian dinar,"Based on data from the Central Bank and its Statistical Bulletin, national accounts data have been revised for 1997 onward.",Middle East & North Africa,Upper middle income,TN,1990,,Value added at basic prices (VAB),IBRD,,,,2005,"IMF Balance of Payments Manual, 5th edition (1993).",Actual,General trade system,Consolidated central government,Special Data Dissemination Standard (SDDS),2004,"Multiple Indicator Cluster Survey (MICS), 2006","Integrated household survey (IHS), 2005/06",,2004,2010,2010,2001
TUR,Turkey,Turkey,Republic of Turkey,TR,New Turkish lira,,Europe & Central Asia,Upper middle income,TR,1998,,Value added at basic prices (VAB),IBRD,,,,2005,"IMF Balance of Payments Manual, 5th edition (1993).",Actual,Special trade system,Budgetary central government,Special Data Dissemination Standard (SDDS),2000,"Demographic and Health Survey (DHS), 2003","Labor force survey (LFS), 2008",,2001,2010,2010,2003
TKM,Turkmenistan,Turkmenistan,Turkmenistan,TM,New Turkmen manat,"On January 1, 2009, the Turkmen manat was redenominated (1 new manat = 5,000 old manats).",Europe & Central Asia,Lower middle income,TM,Original chained constant price data are rescaled.,2007,Value added at basic prices (VAB),IBRD,,Country uses the 1993 System of National Accounts methodology.,"1987-95, 1997-2007",,"IMF Balance of Payments Manual, 4th edition (1977).",Estimate,General trade system,,,1995,"Multiple Indicator Cluster Survey (MICS), 2006","Living Standards Measurement Study (LSMS), 1998",Yes,,2004,2000,2000
UGA,Uganda,Uganda,Republic of Uganda,UG,Ugandan shilling,Fiscal year end: June 30; reporting period for national accounts data: FY. The Bureau of Statistics has revised national accounts series for 1998 onward; the new base year for constant price series is 2001/02. Global Findex data exclude the Northern region.,Sub-Saharan Africa,Low income,UG,2001/02,,Value added at basic prices (VAB),IDA,HIPC,,,2005,"IMF Balance of Payments Manual, 5th edition (1993).",Actual,General trade system,Budgetary central government,General Data Dissemination System (GDDS),2002,"Demographic and Health Survey (DHS), 2006; Malaria Indicator Survey (MIS), 2009/10","Priority survey (PS), 2009",,2008,2010,2010,2002
UKR,Ukraine,Ukraine,Ukraine,UA,Ukrainian hryvnia,,Europe & Central Asia,Lower middle income,UA,Original chained constant price data are rescaled.,2003,Value added at basic prices (VAB),IBRD,,Country uses the 1993 System of National Accounts methodology.,1987-95,2005,"IMF Balance of Payments Manual, 5th edition (1993).",Actual,General trade system,Consolidated central government,Special Data Dissemination Standard (SDDS),2001,"Demographic and Health Survey (DHS), 2007","Expenditure survey/budget survey (ES/BS), 2009",Yes,2011,2010,2010,2000
ARE,United Arab Emirates,United Arab Emirates,United Arab Emirates,AE,U.A.E. dirham,The National Bureau of Statistics has revised national accounts data for 2001 onward; the new base year is 2007. Global Findex data include only Emirati nationals and Arab expatriates.,Middle East & North Africa,High income: nonOECD,AE,2007,,Value added at producer prices (VAP),,,,,,"IMF Balance of Payments Manual, 5th edition (1993).",,General trade system,Budgetary central government,General Data Dissemination System (GDDS),2010,,,,2012,2010,2009,2005
GBR,United Kingdom,United Kingdom,United Kingdom of Great Britain and Northern Ireland,GB,Pound sterling,,Europe & Central Asia,High income: OECD,GB,2005,,Value added at basic prices (VAB),,,Country uses the 1993 System of National Accounts methodology.,,2005,"IMF Balance of Payments Manual, 5th edition (1993).",,General trade system,Consolidated central government,Special Data Dissemination Standard (SDDS),2011,,"Income survey (IS), 1999",Yes,2010,2010,2010,2006
USA,United States,United States,United States of America,US,U.S. dollar,Fiscal year end: September 30; reporting period for national accounts data: CY.,North America,High income: OECD,US,Original chained constant price data are rescaled.,2005,Value added at basic prices (VAB),,,,,2005,"IMF Balance of Payments Manual, 5th edition (1993).",,General trade system,Consolidated central government,Special Data Dissemination Standard (SDDS),2010,Current Population Survey (CPS) (monthly),"Labor force survey (LFS), 2000",Yes,2007,2010,2010,2005
UMC,Upper middle income,Upper middle income,Upper middle income,,,"Upper middle income group aggregate. Upper-middle-income economies are those in which 2010 GNI per capita was between $3,976 and $12,275.",,,XT,,,,,,,,,,,,,,,,,,,,,
URY,Uruguay,Uruguay,Oriental Republic of Uruguay,UY,Uruguayan peso,The Central Bank has revised national accounts data for 2006 onward.,Latin America & Caribbean,Upper middle income,UY,2005,,Value added at basic prices (VAB),IBRD,,,,2005,"IMF Balance of Payments Manual, 5th edition (1993).",Actual,General trade system,Consolidated central government,Special Data Dissemination Standard (SDDS),2004,,"Integrated household survey (IHS), 2010",Yes,2011,2010,2009,2000
UZB,Uzbekistan,Uzbekistan,Republic of Uzbekistan,UZ,Uzbek sum,,Europe & Central Asia,Lower middle income,UZ,Original chained constant price data are rescaled.,1997,Value added at basic prices (VAB),Blend,,Country uses the 1993 System of National Accounts methodology.,1990-95,,"IMF Balance of Payments Manual, 4th edition (1977).",Actual,General trade system,,,1989,"Multiple Indicator Cluster Survey (MICS), 2006","Expenditure survey/budget survey (ES/BS), 2003",Yes,,2010,,2000
VEN,Venezuela,"Venezuela, RB",República Bolivariana de Venezuela,VE,Venezuelan bolivar fuerte,,Latin America & Caribbean,Upper middle income,VE,1997,,Value added at basic prices (VAB),IBRD,,,,2005,"IMF Balance of Payments Manual, 5th edition (1993).",Actual,General trade system,Consolidated central government,General Data Dissemination System (GDDS),2001,"Multiple Indicator Cluster Survey (MICS), 2000","Integrated household survey (IHS), 2009",Yes,2007,2007,2010,2000
VNM,Vietnam,Vietnam,Socialist Republic of Vietnam,VN,Vietnamese dong,,East Asia & Pacific,Lower middle income,VN,1994,,Value added at producer prices (VAP),Blend,,Country uses the 1993 System of National Accounts methodology.,1991,2005,"IMF Balance of Payments Manual, 5th edition (1993).",Preliminary,General trade system,,General Data Dissemination System (GDDS),2009,"Multiple Indicator Cluster Survey (MICS), 2006","Integrated household survey (IHS), 2008",Yes,2011,2010,2009,2005
WBG,West Bank and Gaza,West Bank and Gaza,West Bank and Gaza,PS,Israeli new shekel,Global Findex data include East Jerusalem.,Middle East & North Africa,Lower middle income,GZ,1997,,Value added at basic prices (VAB),,,,,,"IMF Balance of Payments Manual, 5th edition (1993).",,Special trade system,Budgetary central government,General Data Dissemination System (GDDS),2007,"Pan Arab Project for Family Health (PAPFAM), 2006","Integrated household survey (IHS), 2009",,1971,,2008,
WLD,World,World,World,,,World aggregate.,,,1W,,,,,,,,,,,,,,,,,,,,,
YEM,Yemen,"Yemen, Rep.",Republic of Yemen,YE,Yemeni rial,"Based on official government statistics and International Monetary Fund data, national accounts data have been revised for 1990 onward.",Middle East & North Africa,Lower middle income,RY,1990,,Value added at producer prices (VAP),IDA,,,1990-96,2005,"IMF Balance of Payments Manual, 5th edition (1993).",Actual,Special trade system,Budgetary central government,General Data Dissemination System (GDDS),2004,"Multiple Indicator Cluster Survey (MICS), 2006","Expenditure survey/budget survey (ES/BS), 2005",,2002,2010,2009,2005
ZMB,Zambia,Zambia,Republic of Zambia,ZM,Zambian kwacha,,Sub-Saharan Africa,Lower middle income,ZM,1994,,Value added at basic prices (VAB),IDA,HIPC,,1990-92,2005,"IMF Balance of Payments Manual, 5th edition (1993).",Preliminary,Special trade system,Budgetary central government,General Data Dissemination System (GDDS),2010,"Demographic and Health Survey (DHS), 2007","Integrated household survey (IHS), 2006",,1990,2010,2010,2000
ZWE,Zimbabwe,Zimbabwe,Republic of Zimbabwe,ZW,U.S. dollar,"Fiscal year end: June 30; reporting period for national accounts data: CY. As of January 2009, multiple hard currencies, such as rand, pound sterling, euro and U.S. dollar are in use. Data are reported in U.S. dollars, the most-used currency.",Sub-Saharan Africa,Low income,ZW,2009,,Value added at basic prices (VAB),Blend,,,"1991, 1998",2005,"IMF Balance of Payments Manual, 4th edition (1977).",Actual,General trade system,Consolidated central government,General Data Dissemination System (GDDS),2002,"Demographic and Health Survey (DHS), 2005/06","Integrated household survey (IHS), 2003",,1960,2010,2010,2002
